{
  "__version__": "1.2.6",
  "version": {
    "builder": "1.2.3"
  },
  "BuildTaskManager": {
    "taskMap": {
      "1625209890751": {
        "id": "1625209890751",
        "progress": 1,
        "state": "success",
        "message": "Build success in 41584 ms!",
        "options": {
          "name": "MatchstickMen",
          "platform": "web-mobile",
          "buildPath": "./build",
          "debug": false,
          "md5Cache": false,
          "sourceMaps": false,
          "replaceSplashScreen": false,
          "mainBundleCompressionType": "merge_dep",
          "mainBundleIsRemote": false,
          "mergeStartScene": false,
          "experimentalEraseModules": false,
          "compressTexture": true,
          "packAutoAtlas": true,
          "startScene": "78e14b69-39a7-4ad5-aadd-3a45d7617407",
          "scenes": [
            {
              "url": "db://assets/scene.scene",
              "uuid": "78e14b69-39a7-4ad5-aadd-3a45d7617407"
            }
          ],
          "outputName": "web-mobile",
          "packages": {
            "cocos-service": {
              "configID": "06a391",
              "services": []
            },
            "web-mobile": {
              "orientation": "landscape",
              "polyfills": {
                "asyncFunctions": true
              }
            }
          }
        },
        "time": "2021-7-2 15:11",
        "dirty": false
      },
      "1625211970430": {
        "id": "1625211970430",
        "progress": 1,
        "state": "success",
        "message": "Build success in 3488 ms!",
        "options": {
          "name": "MatchstickMen",
          "platform": "web-mobile",
          "buildPath": "./build",
          "debug": false,
          "md5Cache": false,
          "sourceMaps": false,
          "replaceSplashScreen": false,
          "mainBundleCompressionType": "merge_dep",
          "mainBundleIsRemote": false,
          "mergeStartScene": false,
          "experimentalEraseModules": false,
          "compressTexture": true,
          "packAutoAtlas": true,
          "startScene": "78e14b69-39a7-4ad5-aadd-3a45d7617407",
          "scenes": [
            {
              "url": "db://assets/scene-man.scene",
              "uuid": "78e14b69-39a7-4ad5-aadd-3a45d7617407"
            }
          ],
          "outputName": "web-mobile",
          "packages": {
            "cocos-service": {
              "configID": "06a391",
              "services": []
            },
            "web-mobile": {
              "orientation": "landscape",
              "polyfills": {
                "asyncFunctions": true
              }
            }
          }
        },
        "time": "2021-7-2 15:46",
        "dirty": false
      }
    }
  },
  "common": {
    "outputName": "web-mobile",
    "mainBundleCompressionType": "merge_dep",
    "platform": "web-mobile",
    "scenes": [
      {
        "url": "db://assets/scene-man.scene",
        "uuid": "78e14b69-39a7-4ad5-aadd-3a45d7617407"
      }
    ],
    "startScene": "78e14b69-39a7-4ad5-aadd-3a45d7617407"
  }
}
