{
  "__version__": "1.0.0",
  "current-scene": "f1460033-5837-4bc4-8047-0bbf0b90b8f1",
  "gizmos-infos": {
    "is2D": false,
    "is3DIcon": false,
    "iconSize": 2,
    "gridVisible": true,
    "gridColor": [
      150,
      150,
      150,
      255
    ],
    "isIconGizmo3D": false,
    "iconGizmoSize": 2,
    "isGridVisible": true
  },
  "camera-infos": {
    "f46876e4-e81b-4931-b493-6d367be385e7": {
      "position": {
        "x": 0,
        "y": 0,
        "z": 5000
      },
      "rotation": {
        "x": 0,
        "y": 0,
        "z": 0,
        "w": 1
      },
      "viewCenter": {
        "x": -5.179,
        "y": 5,
        "z": 3.658
      }
    },
    "f1460033-5837-4bc4-8047-0bbf0b90b8f1": {
      "position": {
        "x": -8.472962082789323,
        "y": 10.754365903847436,
        "z": 6.156782328002635
      },
      "rotation": {
        "x": -0.3464142704351072,
        "y": -0.41824882020181636,
        "z": -0.17649315167459728,
        "w": 0.8209234099784637
      },
      "viewCenter": {
        "x": 0,
        "y": 0,
        "z": 0
      }
    },
    "78e14b69-39a7-4ad5-aadd-3a45d7617407": {
      "position": {
        "x": -12.222589778543703,
        "y": 17.620102913869662,
        "z": 8.595150933884309
      },
      "rotation": {
        "x": -0.33388154294813766,
        "y": -0.538590803091868,
        "z": -0.2450796670404543,
        "w": 0.7337431559522499
      },
      "viewCenter": {
        "x": -2.453,
        "y": 5.867,
        "z": 5.526
      }
    }
  },
  "camera-uuids": [
    "78e14b69-39a7-4ad5-aadd-3a45d7617407"
  ],
  "float-window": {
    "position": {
      "cc": {
        "Camera": {
          "dock": false,
          "top": null,
          "bottom": 10,
          "left": null,
          "right": 10
        }
      }
    }
  }
}
